entry_time,entry_time_vn,entry_price,sl,tp,risk,breakout_type,close_1h_at_entry,ema200_1h_at_entry,entry_dist_ema200_pct,h1_range_high_at_breakout,ema200_1h_at_breakout,h1_range_high_dist_ema200_pct,breakout_time,breakout_time_vn,breakout_level,breakout_swing_low,retest_time,retest_time_vn,retest_low,retest_depth_pct,bars_since_breakout,side,exit_time,exit_price,result,balance
2024-06-21 04:20:00,2024-06-21 11:20:00,64607.3,64923.0,63818.05000000001,100.0,range,64648.1,65021.32982429421,0.6367600069285453,64306.5,65025.08087780471,1.1050826359679056,2024-06-21 03:55:00,2024-06-21 10:55:00,64607.3,64923.0,2024-06-21 04:20:00,2024-06-21 11:20:00,64630.0,7.190370605003896,5,SHORT,2024-06-21 08:45:00,63818.05000000001,250.0,10250.0
2024-06-21 11:50:00,2024-06-21 18:50:00,63775.3,64153.8,62829.05,102.5,range,63745.5,64958.96951477247,1.8221802525720279,63485.0,64958.96951477247,2.269077735965734,2024-06-21 11:40:00,2024-06-21 18:40:00,63775.3,64153.8,2024-06-21 11:50:00,2024-06-21 18:50:00,63803.7,7.503302509905992,2,SHORT,2024-06-21 14:30:00,64153.8,-102.5,10147.5
2024-06-23 17:05:00,2024-06-24 00:05:00,64007.4,64180.8,63573.899999999994,101.47500000000001,range,64094.6,64653.61499073537,0.9995032618484939,63888.0,64659.23323184829,1.1927658175018572,2024-06-23 16:50:00,2024-06-23 23:50:00,64007.4,64180.8,2024-06-23 17:05:00,2024-06-24 00:05:00,64009.0,0.922722029987619,3,SHORT,2024-06-23 21:10:00,63573.899999999994,253.68750000000003,10401.1875
2024-06-24 03:00:00,2024-06-24 10:00:00,62885.0,63357.0,61705.0,104.011875,range,62840.1,64539.22178250624,2.563126323525994,62638.0,64556.298383335445,2.971512356462238,2024-06-24 02:55:00,2024-06-24 09:55:00,62885.0,63357.0,2024-06-24 03:00:00,2024-06-24 10:00:00,62940.0,11.652542372881355,1,SHORT,2024-06-24 09:30:00,61705.0,260.0296875,10661.2171875
2024-06-24 16:40:00,2024-06-24 23:40:00,60628.6,61358.2,58804.600000000006,106.612171875,range,60144.5,64183.42451048314,5.5385397983906755,59960.0,64183.42451048314,6.5802417722247375,2024-06-24 16:35:00,2024-06-24 23:35:00,60628.6,61358.2,2024-06-24 16:40:00,2024-06-24 23:40:00,60644.9,2.234100877193386,1,SHORT,2024-06-24 20:25:00,58804.600000000006,266.53042968750003,10927.7476171875
2024-07-03 08:00:00,2024-07-03 15:00:00,60875.9,61179.4,60117.15,109.27747617187501,range,60496.1,62148.97323939409,2.0484219980437715,60600.0,62165.58503074478,2.518411159438946,2024-07-03 07:40:00,2024-07-03 14:40:00,60875.9,61179.4,2024-07-03 08:00:00,2024-07-03 15:00:00,60898.2,10.247116968698037,4,SHORT,2024-07-03 10:15:00,60117.15,273.19369042968754,11200.941307617188
2024-07-04 01:35:00,2024-07-04 08:35:00,59900.0,60500.0,58400.0,112.00941307617188,range,58561.7,61834.619558315804,3.1286997027470633,58388.0,61834.619558315804,5.573931857161862,2024-07-04 01:30:00,2024-07-04 08:30:00,59900.0,60500.0,2024-07-04 01:35:00,2024-07-04 08:35:00,59943.4,7.233333333333576,1,SHORT,2024-07-04 01:55:00,58400.0,280.0235326904297,11480.964840307617
2024-07-12 02:15:00,2024-07-12 09:15:00,57122.9,57554.4,56044.15,114.80964840307617,range,57306.7,58042.901133022395,1.5850364386748002,56500.1,58050.300139384424,2.670442935974912,2024-07-12 01:10:00,2024-07-12 08:10:00,57122.9,57554.4,2024-07-12 02:15:00,2024-07-12 09:15:00,57135.0,2.8041714947852943,13,SHORT,2024-07-12 13:15:00,57554.4,-114.80964840307617,11366.155191904541
2024-07-13 12:25:00,2024-07-13 19:25:00,58581.6,58320.0,59235.59999999999,113.66155191904542,range,58742.6,57967.74300648351,1.0589630744254215,58900.0,57967.74300648351,1.6082340715114896,2024-07-13 12:20:00,2024-07-13 19:20:00,58581.6,58320.0,2024-07-13 12:25:00,2024-07-13 19:25:00,58560.0,8.256880733944444,1,LONG,2024-07-13 22:25:00,58320.0,-113.66155191904542,11252.493639985496
2024-07-14 04:10:00,2024-07-14 11:10:00,59553.4,59254.0,60301.90000000001,112.52493639985497,range,59926.1,58128.78506018131,2.4507908402760727,60088.0,58128.78506018131,3.3704728866951092,2024-07-14 04:05:00,2024-07-14 11:05:00,59553.4,59254.0,2024-07-14 04:10:00,2024-07-14 11:10:00,59551.3,0.701402805610733,1,LONG,2024-07-14 08:25:00,60301.90000000001,281.3123409996374,11533.805980985133
2024-07-15 17:10:00,2024-07-16 00:10:00,63580.0,62812.8,65497.99999999999,115.33805980985133,range,63045.1,59162.732035962574,7.466301524669876,63698.0,59162.732035962574,7.66575140796511,2024-07-15 17:05:00,2024-07-16 00:05:00,63580.0,62812.8,2024-07-15 17:10:00,2024-07-16 00:10:00,63540.0,5.213764337851949,1,LONG,2024-07-16 06:55:00,62812.8,-115.33805980985133,11418.467921175281
2024-07-17 05:15:00,2024-07-17 12:15:00,65829.9,65502.5,66648.39999999998,114.18467921175281,range,65587.3,60741.900829814425,8.376424018143643,66100.0,60741.900829814425,8.82109235467919,2024-07-17 05:10:00,2024-07-17 12:10:00,65829.9,65502.5,2024-07-17 05:15:00,2024-07-17 12:15:00,65781.0,14.935858277335079,1,LONG,2024-07-17 06:25:00,65502.5,-114.18467921175281,11304.283241963529
2024-07-26 13:40:00,2024-07-26 20:40:00,67449.4,67050.4,68446.9,113.04283241963529,range,67862.7,65527.34486646152,2.933210764842431,67954.9,65527.34486646152,3.7046444327716914,2024-07-26 13:35:00,2024-07-26 20:35:00,67449.4,67050.4,2024-07-26 13:40:00,2024-07-26 20:40:00,67279.2,42.656641604009295,1,LONG,2024-07-26 14:30:00,67050.4,-113.04283241963529,11191.240409543894
2024-07-29 05:25:00,2024-07-29 12:25:00,69452.5,69240.0,69983.75,111.91240409543894,range,69626.8,66744.75413507175,4.056866940356942,69782.2,66744.75413507175,4.550838345709311,2024-07-29 05:15:00,2024-07-29 12:15:00,69452.5,69240.0,2024-07-29 05:25:00,2024-07-29 12:25:00,69451.4,0.5176470588262686,2,LONG,2024-07-29 13:05:00,69983.75,279.78101023859733,11471.021419782492
2024-07-30 15:05:00,2024-07-30 22:05:00,65896.6,66923.8,63328.60000000001,114.71021419782493,range,66198.0,66921.55401134751,1.5315753294875862,65600.0,66928.82591095904,1.9854313785914766,2024-07-30 14:55:00,2024-07-30 21:55:00,65896.6,66923.8,2024-07-30 15:05:00,2024-07-30 22:05:00,65934.5,3.68964174454773,2,SHORT,2024-08-01 15:15:00,63328.60000000001,286.7755354945623,11757.796955277054
2024-08-02 21:15:00,2024-08-03 04:15:00,62010.0,63181.0,59082.5,117.57796955277054,range,61966.6,65693.216290323,5.606691981780111,61255.0,65693.216290323,6.75597350982004,2024-08-02 21:10:00,2024-08-03 04:10:00,62010.0,63181.0,2024-08-02 21:15:00,2024-08-03 04:15:00,62188.8,15.269000853971212,1,SHORT,2024-08-04 15:50:00,59082.5,293.94492388192634,12051.74187915898
2024-08-18 03:05:00,2024-08-18 10:05:00,59702.2,59365.9,60542.94999999998,120.5174187915898,range,59308.5,59275.1357920931,0.7204778229523141,60242.2,59274.80047342066,1.6320586806751463,2024-08-18 02:45:00,2024-08-18 09:45:00,59702.2,59365.9,2024-08-18 03:05:00,2024-08-18 10:05:00,59600.0,30.389533154920727,4,LONG,2024-08-18 03:55:00,59365.9,-120.5174187915898,11931.224460367392
2024-08-19 11:55:00,2024-08-19 18:55:00,58400.0,58648.7,57778.25000000001,119.31224460367392,range,58360.9,59230.73282059752,1.4025367930424002,57929.5,59251.770083709,2.2316127971214037,2024-08-19 09:45:00,2024-08-19 16:45:00,58400.0,58648.7,2024-08-19 11:55:00,2024-08-19 18:55:00,58480.0,32.16726980297585,26,SHORT,2024-08-19 13:15:00,58648.7,-119.31224460367392,11811.912215763718
2024-08-19 13:55:00,2024-08-19 20:55:00,58227.0,58945.4,56431.0,118.11912215763718,range,58176.7,59211.88386001541,1.663321272371279,57750.0,59211.88386001541,2.4689028024703545,2024-08-19 13:50:00,2024-08-19 20:50:00,58227.0,58945.4,2024-08-19 13:55:00,2024-08-19 20:55:00,58269.6,5.929844097995331,1,SHORT,2024-08-19 17:30:00,58945.4,-118.11912215763718,11693.79309360608
2024-08-20 04:05:00,2024-08-20 11:05:00,60594.1,60320.0,61279.34999999999,116.93793093606081,range,60840.9,59252.266521635465,2.2646112244070427,60997.9,59252.266521635465,2.9461041422392387,2024-08-20 04:00:00,2024-08-20 11:00:00,60594.1,60320.0,2024-08-20 04:05:00,2024-08-20 11:05:00,60584.4,3.538854432687757,1,LONG,2024-08-20 05:15:00,61279.34999999999,292.34482734015205,11986.137920946232
2024-08-27 15:35:00,2024-08-27 22:35:00,61625.0,62379.6,59738.5,119.86137920946233,range,61673.3,62146.25388708873,0.8387535120552504,61426.1,62146.25388708873,1.1588049834784124,2024-08-27 15:30:00,2024-08-27 22:30:00,61625.0,62379.6,2024-08-27 15:35:00,2024-08-27 22:35:00,61656.0,4.1081367611979935,1,SHORT,2024-08-27 21:45:00,59738.5,299.6534480236558,12285.791368969887
2024-08-27 22:10:00,2024-08-28 05:10:00,59581.7,61967.7,53616.7,122.85791368969888,range,59467.6,62089.64086764568,4.039225920136615,57928.2,62089.64086764568,6.702311061061665,2024-08-27 22:05:00,2024-08-28 05:05:00,59581.7,61967.7,2024-08-27 22:10:00,2024-08-28 05:10:00,59733.2,6.34953897736798,1,SHORT,2024-09-06 16:45:00,53616.7,307.1447842242472,12592.936153194134
2024-09-06 20:35:00,2024-09-07 03:35:00,53235.7,53974.6,51388.45,125.92936153194134,range,52868.9,57820.92514419603,7.930044586386716,52600.6,57820.92514419603,9.028435866734034,2024-09-06 20:30:00,2024-09-07 03:30:00,53235.7,53974.6,2024-09-06 20:35:00,2024-09-07 03:35:00,53283.0,6.401407497631996,1,SHORT,2024-09-07 00:00:00,53974.6,-125.92936153194134,12467.006791662192
2024-09-07 01:40:00,2024-09-07 08:40:00,53807.6,54082.2,53121.100000000006,124.67006791662192,range,53789.4,57624.418991074446,6.623613839239996,52510.8,57624.418991074446,8.87404867694458,2024-09-07 01:35:00,2024-09-07 08:35:00,53807.6,54082.2,2024-09-07 01:40:00,2024-09-07 08:40:00,53810.0,0.8739985433362957,1,SHORT,2024-09-07 05:05:00,54082.2,-124.67006791662192,12342.33672374557
2024-09-08 15:55:00,2024-09-08 22:55:00,53808.1,54241.8,52723.84999999999,123.4233672374557,range,53663.6,56562.27442036485,4.869278063141725,53610.0,56562.27442036485,5.2195115041235,2024-09-08 15:50:00,2024-09-08 22:50:00,53808.1,54241.8,2024-09-08 15:55:00,2024-09-08 22:55:00,53822.3,3.2741526400747576,1,SHORT,2024-09-08 17:30:00,54241.8,-123.4233672374557,12218.913356508114
2024-09-12 04:15:00,2024-09-12 11:15:00,58314.2,57801.5,59595.94999999999,122.18913356508114,range,58142.1,56601.61831106784,3.025676190953149,58465.4,56601.61831106784,3.2928063623363215,2024-09-12 04:10:00,2024-09-12 11:10:00,58314.2,57801.5,2024-09-12 04:15:00,2024-09-12 11:15:00,58313.2,0.19504583577140738,1,LONG,2024-09-12 12:35:00,57801.5,-122.18913356508114,12096.724222943032
2024-09-16 17:15:00,2024-09-17 00:15:00,57602.0,57977.0,56664.5,120.96724222943033,range,58146.7,58306.13892736194,1.2076583020514564,57446.3,58306.13892736194,1.47469707852398,2024-09-16 17:10:00,2024-09-17 00:10:00,57602.0,57977.0,2024-09-16 17:15:00,2024-09-17 00:15:00,57721.8,31.946666666667443,1,SHORT,2024-09-16 17:45:00,57977.0,-120.96724222943033,11975.756980713602
2024-09-17 12:45:00,2024-09-17 19:45:00,59274.4,59000.0,59960.40000000001,119.75756980713602,range,59345.9,58316.10410028794,1.6432783267964002,59418.1,58316.10410028794,1.8896939648384612,2024-09-17 12:40:00,2024-09-17 19:40:00,59274.4,59000.0,2024-09-17 12:45:00,2024-09-17 19:45:00,59225.0,18.00291545189548,1,LONG,2024-09-17 13:40:00,59000.0,-119.75756980713602,11855.999410906466
2024-09-19 13:50:00,2024-09-19 20:50:00,62697.0,62201.2,63936.50000000001,118.55999410906466,range,63017.2,59314.464414465554,5.702716224323719,63200.0,59277.250991495355,6.617629770090808,2024-09-19 12:00:00,2024-09-19 19:00:00,62697.0,62201.2,2024-09-19 13:50:00,2024-09-19 20:50:00,62668.0,5.8491327148043215,22,LONG,2024-09-20 04:05:00,63936.50000000001,296.39998527266164,12152.399396179128
2024-09-23 04:20:00,2024-09-23 11:20:00,63975.0,63555.2,65024.50000000001,121.52399396179128,range,63880.3,61535.31059846719,3.964698281044474,64724.8,61511.74286578847,5.223485767948499,2024-09-23 03:05:00,2024-09-23 10:05:00,63975.0,63555.2,2024-09-23 04:20:00,2024-09-23 11:20:00,63972.3,0.643163411147468,15,LONG,2024-09-23 06:05:00,63555.2,-121.52399396179128,12030.875402217336
2024-09-24 23:00:00,2024-09-25 06:00:00,64478.4,63939.2,65826.40000000001,120.30875402217336,range,64243.1,62215.764265954414,3.636756312071444,64666.0,62195.389032446416,3.9723378308072057,2024-09-24 22:55:00,2024-09-25 05:55:00,64478.4,63939.2,2024-09-24 23:00:00,2024-09-25 06:00:00,64475.3,0.5749258160234644,1,LONG,2024-09-25 06:20:00,63939.2,-120.30875402217336,11910.566648195163
2024-09-27 14:15:00,2024-09-27 21:15:00,65960.0,65314.2,67574.5,119.10566648195163,range,66203.1,63262.475550616364,4.264019746153223,66450.0,63262.475550616364,5.038570529591898,2024-09-27 14:10:00,2024-09-27 21:10:00,65960.0,65314.2,2024-09-27 14:15:00,2024-09-27 21:15:00,65917.1,6.6429235057283975,1,LONG,2024-09-30 00:25:00,65314.2,-119.10566648195163,11791.460981713211
2024-09-30 14:10:00,2024-09-30 21:10:00,63739.1,64130.8,62759.84999999999,117.91460981713212,range,63723.9,64316.465274839604,0.8976943499186183,63222.0,64316.465274839604,1.7016875385839265,2024-09-30 14:05:00,2024-09-30 21:05:00,63739.1,64130.8,2024-09-30 14:10:00,2024-09-30 21:10:00,63790.0,12.99463875414881,1,SHORT,2024-10-01 13:35:00,62759.84999999999,294.7865245428303,12086.247506256042
2024-10-10 17:25:00,2024-10-11 00:25:00,60228.0,61020.0,58248.0,120.86247506256042,range,59589.0,62125.29597167602,3.053982990344276,59538.5,62125.29597167602,4.1638368577839655,2024-10-10 17:05:00,2024-10-11 00:05:00,60228.0,61020.0,2024-10-10 17:25:00,2024-10-11 00:25:00,60305.7,9.810606060605693,4,SHORT,2024-10-11 09:50:00,61020.0,-120.86247506256042,11965.385031193482
2024-10-14 08:15:00,2024-10-14 15:15:00,64409.1,63769.2,66008.85,119.65385031193482,range,64404.0,62371.4874404948,3.266897492943669,64676.7,62351.06017859022,3.729912233646903,2024-10-14 07:45:00,2024-10-14 14:45:00,64409.1,63769.2,2024-10-14 08:15:00,2024-10-14 15:15:00,64403.5,0.8751367401154138,6,LONG,2024-10-14 14:25:00,66008.85,299.13462577983705,12264.51965697332
2024-10-14 18:40:00,2024-10-15 01:40:00,65893.0,65520.0,66825.5,122.6451965697332,range,65748.6,62654.022826145585,5.169623637482998,66288.0,62654.022826145585,5.800069987426175,2024-10-14 18:35:00,2024-10-15 01:35:00,65893.0,65520.0,2024-10-14 18:40:00,2024-10-15 01:40:00,65868.9,6.46112600536349,1,LONG,2024-10-15 03:30:00,65520.0,-122.6451965697332,12141.874460403587
2024-10-15 18:20:00,2024-10-16 01:20:00,67207.1,66477.1,69032.1,121.41874460403588,range,66875.7,63359.64018372198,6.072414245285586,67953.7,63359.64018372198,7.250766896650237,2024-10-15 18:15:00,2024-10-16 01:15:00,67207.1,66477.1,2024-10-15 18:20:00,2024-10-16 01:20:00,67181.0,3.575342465754222,1,LONG,2024-10-15 20:35:00,66477.1,-121.41874460403588,12020.455715799551
2024-10-18 01:30:00,2024-10-18 08:30:00,67599.0,67165.0,68684.0,120.20455715799551,range,68080.1,65033.56684010304,3.944783109012837,68268.0,65033.56684010304,4.973482644507883,2024-10-18 01:25:00,2024-10-18 08:25:00,67599.0,67165.0,2024-10-18 01:30:00,2024-10-18 08:30:00,67543.2,12.857142857143527,1,LONG,2024-10-18 15:30:00,68684.0,300.5113928949888,12320.96710869454
2024-10-20 22:10:00,2024-10-21 05:10:00,68625.7,68431.9,69110.20000000001,123.2096710869454,range,69132.4,66670.08158704439,2.933277365803659,68919.7,66624.13099664604,3.445551887903078,2024-10-20 20:25:00,2024-10-21 03:25:00,68625.7,68431.9,2024-10-20 22:10:00,2024-10-21 05:10:00,68570.8,28.328173374609573,21,LONG,2024-10-20 22:25:00,69110.20000000001,308.0241777173635,12628.991286411903
2024-10-24 13:15:00,2024-10-24 20:15:00,67599.8,67129.6,68775.29999999999,126.28991286411903,range,67882.7,66999.85315969086,0.8954450077363622,68000.0,66999.85315969086,1.4927597496748854,2024-10-24 13:10:00,2024-10-24 20:10:00,67599.8,67129.6,2024-10-24 13:15:00,2024-10-24 20:15:00,67545.7,11.50574223734712,1,LONG,2024-10-24 21:20:00,68775.29999999999,315.7247821602976,12944.716068572201
2024-10-28 17:45:00,2024-10-29 00:45:00,68968.8,68424.0,70330.80000000002,129.44716068572203,range,68949.0,67399.2193934175,2.3287815804225676,69272.1,67399.2193934175,2.77878679224795,2024-10-28 17:30:00,2024-10-29 00:30:00,68968.8,68424.0,2024-10-28 17:45:00,2024-10-29 00:45:00,68960.0,1.6152716593250485,3,LONG,2024-10-28 22:05:00,70330.80000000002,323.61790171430505,13268.333970286507
2024-10-29 01:50:00,2024-10-29 08:50:00,69995.0,69733.0,70650.0,132.68333970286508,range,70287.0,67582.78153959055,3.569279638181736,70399.4,67582.78153959055,4.167656903496118,2024-10-29 01:45:00,2024-10-29 08:45:00,69995.0,69733.0,2024-10-29 01:50:00,2024-10-29 08:50:00,69964.8,11.526717557250796,1,LONG,2024-10-29 02:05:00,70650.0,331.7083492571627,13600.042319543669
2024-10-29 18:55:00,2024-10-30 01:55:00,73150.0,72500.0,74775.0,136.0004231954367,range,73168.4,68214.37309316068,7.235464731309203,73278.9,68214.37309316068,7.424427840042834,2024-10-29 18:50:00,2024-10-30 01:50:00,73150.0,72500.0,2024-10-29 18:55:00,2024-10-30 01:55:00,73130.0,3.076923076923077,1,LONG,2024-10-29 19:55:00,72500.0,-136.0004231954367,13464.041896348232
2024-10-29 23:05:00,2024-10-30 06:05:00,72638.7,72203.9,73725.70000000001,134.64041896348232,range,72739.5,68424.17496476279,6.159409357011047,73660.0,68380.80486390613,7.720288093421404,2024-10-29 22:40:00,2024-10-30 05:40:00,72638.7,72203.9,2024-10-29 23:05:00,2024-10-30 06:05:00,72557.9,18.583256669733757,5,LONG,2024-10-30 00:50:00,72203.9,-134.64041896348232,13329.401477384748
2024-11-01 02:15:00,2024-11-01 09:15:00,69312.2,70494.4,66356.70000000001,133.2940147738475,range,69592.7,69714.28672971975,0.576763743246249,68870.4,69714.28672971975,1.210493242212291,2024-11-01 02:00:00,2024-11-01 09:00:00,69312.2,70494.4,2024-11-01 02:15:00,2024-11-01 09:15:00,69319.1,0.5836575875493781,3,SHORT,2024-11-01 13:30:00,70494.4,-133.2940147738475,13196.1074626109
2024-11-10 09:10:00,2024-11-10 16:10:00,79262.9,78770.0,80495.14999999998,131.961074626109,range,79414.7,73726.37424600431,7.509559246087215,79882.8,73726.37424600431,8.350370972338089,2024-11-10 09:05:00,2024-11-10 16:05:00,79262.9,78770.0,2024-11-10 09:10:00,2024-11-10 16:10:00,79254.1,1.785351998374612,1,LONG,2024-11-10 17:35:00,80495.14999999998,329.90268656527246,13526.010149176172
2024-11-10 21:55:00,2024-11-11 04:55:00,79782.6,78549.2,82866.10000000003,135.26010149176173,range,79931.9,74416.37239332551,7.211084649909378,81199.0,74416.37239332551,9.114429242566562,2024-11-10 21:50:00,2024-11-11 04:50:00,79782.6,78549.2,2024-11-10 21:55:00,2024-11-11 04:55:00,79771.3,0.9161666936924624,1,LONG,2024-11-11 15:10:00,82866.10000000003,338.1502537294043,13864.160402905576
2024-11-19 17:10:00,2024-11-20 00:10:00,92699.9,91535.4,95611.15,138.64160402905577,range,92904.0,88342.24096658481,4.932701486555515,93333.9,88342.24096658481,5.650364965615107,2024-11-19 17:05:00,2024-11-20 00:05:00,92699.9,91535.4,2024-11-19 17:10:00,2024-11-20 00:10:00,92601.6,8.441391155001147,1,LONG,2024-11-19 22:30:00,91535.4,-138.64160402905577,13725.518798876521
2024-11-20 14:40:00,2024-11-20 21:40:00,93981.0,93105.4,96170.00000000001,137.25518798876521,range,94640.1,89198.4546483324,5.361690816867776,94657.5,89143.76474530056,6.1852169587555,2024-11-20 13:15:00,2024-11-20 20:15:00,93981.0,93105.4,2024-11-20 14:40:00,2024-11-20 21:40:00,93825.7,17.736409319324107,17,LONG,2024-11-20 18:45:00,93105.4,-137.25518798876521,13588.263610887756
2024-11-21 11:40:00,2024-11-21 18:40:00,97787.7,97311.0,98979.44999999998,135.88263610887756,range,98014.0,90416.6639640929,8.152298163571201,98438.9,90416.6639640929,8.87251938325545,2024-11-21 11:00:00,2024-11-21 18:00:00,97787.7,97311.0,2024-11-21 11:40:00,2024-11-21 18:40:00,97780.0,1.6152716593239222,8,LONG,2024-11-21 12:55:00,97311.0,-135.88263610887756,13452.380974778878
2024-11-29 14:40:00,2024-11-29 21:40:00,97455.6,96822.0,99039.60000000002,134.5238097477888,range,98082.0,95077.53452306386,2.501185468118415,98144.4,95077.53452306386,3.2256468284757345,2024-11-29 14:35:00,2024-11-29 21:35:00,97455.6,96822.0,2024-11-29 14:40:00,2024-11-29 21:40:00,97404.3,8.096590909091294,1,LONG,2024-11-30 01:05:00,96822.0,-134.5238097477888,13317.85716503109
2024-12-01 22:10:00,2024-12-02 05:10:00,97519.8,96852.7,99187.55000000002,133.1785716503109,range,97645.5,95871.39248274548,1.7193945707539404,97878.9,95853.56225644141,2.1129498955292947,2024-12-01 21:45:00,2024-12-02 04:45:00,97519.8,96852.7,2024-12-01 22:10:00,2024-12-02 05:10:00,97510.6,1.3791035826708153,5,LONG,2024-12-02 03:50:00,96852.7,-133.1785716503109,13184.678593380779
2024-12-03 13:15:00,2024-12-03 20:15:00,94661.3,95088.0,93594.55000000002,131.84678593380778,range,93775.1,95855.52297356307,1.2458572406854787,93719.1,95855.52297356307,2.228794864696831,2024-12-03 13:10:00,2024-12-03 20:10:00,94661.3,95088.0,2024-12-03 13:15:00,2024-12-03 20:15:00,94722.0,14.225451136629367,1,SHORT,2024-12-03 14:50:00,95088.0,-131.84678593380778,13052.831807446972
2024-12-09 00:20:00,2024-12-09 07:20:00,100364.5,99946.2,101410.25,130.52831807446972,range,99728.3,98411.02543837072,1.9850159602824478,101457.9,98397.78649805284,3.109941403008807,2024-12-08 23:10:00,2024-12-09 06:10:00,100364.5,99946.2,2024-12-09 00:20:00,2024-12-09 07:20:00,100302.0,14.94142959598364,14,LONG,2024-12-09 00:30:00,99946.2,-130.52831807446972,12922.303489372502
2024-12-09 20:30:00,2024-12-10 03:30:00,96926.9,98183.4,93785.65,129.223034893725,range,96296.7,98442.02303409301,1.539101886973913,96150.2,98442.02303409301,2.328094205560261,2024-12-09 20:20:00,2024-12-10 03:20:00,96926.9,98183.4,2024-12-09 20:30:00,2024-12-10 03:30:00,97199.2,21.671309192200788,2,SHORT,2024-12-10 00:35:00,98183.4,-129.223034893725,12793.080454478777
2024-12-16 18:50:00,2024-12-17 01:50:00,107170.0,106327.2,109277.0,127.93080454478778,range,107039.5,101123.27325259741,5.979559949862751,107777.0,101123.27325259741,6.579817418273376,2024-12-16 18:15:00,2024-12-17 01:15:00,107170.0,106327.2,2024-12-16 18:50:00,2024-12-17 01:50:00,107099.0,8.424299952539126,7,LONG,2024-12-16 19:00:00,106327.2,-127.93080454478778,12665.14964993399
2024-12-19 02:00:00,2024-12-19 09:00:00,100000.0,100970.1,97574.74999999999,126.6514964993399,range,100526.3,102697.84781878215,2.626976003959397,99601.1,102719.67241997593,3.036003081498786,2024-12-19 01:55:00,2024-12-19 08:55:00,100000.0,100970.1,2024-12-19 02:00:00,2024-12-19 09:00:00,100050.0,5.154107823935646,1,SHORT,2024-12-19 03:10:00,100970.1,-126.6514964993399,12538.49815343465
2024-12-22 19:45:00,2024-12-23 02:45:00,95326.5,96426.7,92576.0,125.3849815343465,range,94795.4,99541.48344854549,4.234398868210841,94642.4,99541.48344854549,4.921650028530978,2024-12-22 19:40:00,2024-12-23 02:40:00,95326.5,96426.7,2024-12-22 19:45:00,2024-12-23 02:45:00,95340.7,1.290674422831951,1,SHORT,2024-12-23 04:10:00,96426.7,-125.3849815343465,12413.113171900302
2024-12-23 15:55:00,2024-12-23 22:55:00,93220.3,95580.0,87321.05000000002,124.13113171900302,range,93217.6,98761.1167930156,5.610322131763741,93060.3,98761.1167930156,5.772329210253274,2024-12-23 15:50:00,2024-12-23 22:50:00,93220.3,95580.0,2024-12-23 15:55:00,2024-12-23 22:55:00,93428.3,8.814679832182067,1,SHORT,2024-12-24 13:50:00,95580.0,-124.13113171900302,12288.9820401813
2024-12-27 08:15:00,2024-12-27 15:15:00,96050.0,96580.0,94725.0,122.889820401813,range,95697.6,97551.28640341596,1.538971405469223,94620.0,97569.91641752064,3.0233872548351615,2024-12-27 07:15:00,2024-12-27 14:15:00,96050.0,96580.0,2024-12-27 08:15:00,2024-12-27 15:15:00,96168.0,22.264150943396228,12,SHORT,2024-12-27 09:05:00,96580.0,-122.889820401813,12166.092219779486
2024-12-29 19:40:00,2024-12-30 02:40:00,93534.6,93923.3,92562.85,121.66092219779486,range,93559.6,96328.76487794191,2.90065473327971,93333.0,96328.76487794191,3.109938014608452,2024-12-29 19:35:00,2024-12-30 02:35:00,93534.6,93923.3,2024-12-29 19:40:00,2024-12-30 02:40:00,93538.0,0.8747105737057382,1,SHORT,2024-12-30 01:30:00,93923.3,-121.66092219779486,12044.431297581692
2025-01-02 09:00:00,2025-01-02 16:00:00,96062.5,95612.5,97187.5,120.44431297581693,range,96722.0,95025.01685275437,1.0918000139408086,96204.2,95007.96174574687,1.2590926405246008,2025-01-02 08:50:00,2025-01-02 15:50:00,96062.5,95612.5,2025-01-02 09:00:00,2025-01-02 16:00:00,96012.0,11.222222222222221,2,LONG,2025-01-02 14:30:00,97187.5,301.11078243954233,12345.542080021234
2025-01-06 04:20:00,2025-01-06 11:20:00,99270.0,98707.9,100675.25000000001,123.45542080021234,range,99423.0,96697.84931323712,2.659987481656194,99465.4,96697.84931323712,2.862060228245446,2025-01-06 04:15:00,2025-01-06 11:15:00,99270.0,98707.9,2025-01-06 04:20:00,2025-01-06 11:20:00,99254.4,2.7753068848969327,1,LONG,2025-01-06 10:45:00,98707.9,-123.45542080021234,12222.086659221022
2025-01-09 13:25:00,2025-01-09 20:25:00,92964.1,93650.0,91249.35000000002,122.22086659221023,range,91926.8,96860.52851283735,4.0227206816458105,91800.0,96860.52851283735,5.224551827803269,2025-01-09 13:20:00,2025-01-09 20:20:00,92964.1,93650.0,2025-01-09 13:25:00,2025-01-09 20:25:00,92993.3,4.257180346988969,1,SHORT,2025-01-09 15:30:00,93650.0,-122.22086659221023,12099.865792628812
2025-01-14 09:15:00,2025-01-14 16:15:00,95797.9,94802.1,98287.39999999997,120.99865792628813,range,97130.0,94913.06650085002,0.9322567816751006,97353.9,94913.06650085002,2.5716517115460733,2025-01-14 09:10:00,2025-01-14 16:10:00,95797.9,94802.1,2025-01-14 09:15:00,2025-01-14 16:15:00,95754.2,4.388431411929865,1,LONG,2025-01-15 13:30:00,98287.39999999997,302.49664481572034,12402.362437444533
2025-01-15 18:55:00,2025-01-16 01:55:00,99288.0,98550.1,101132.74999999999,124.02362437444533,range,99385.1,95553.74493712967,3.908015395238893,99746.6,95553.74493712967,4.387954721846914,2025-01-15 18:50:00,2025-01-16 01:50:00,99288.0,98550.1,2025-01-15 18:55:00,2025-01-16 01:55:00,99251.1,5.000677598589846,1,LONG,2025-01-16 14:40:00,98550.1,-124.02362437444533,12278.338813070088
2025-01-17 05:55:00,2025-01-17 12:55:00,101237.5,100890.3,102105.5,122.78338813070089,range,101299.0,96824.07739716984,4.558187097127112,102133.7,96779.10330065899,5.5328025541899715,2025-01-17 04:50:00,2025-01-17 11:50:00,101237.5,100890.3,2025-01-17 05:55:00,2025-01-17 12:55:00,101222.7,4.262672811060781,13,LONG,2025-01-17 08:35:00,102105.5,306.9584703267522,12585.29728339684
2025-01-17 10:45:00,2025-01-17 17:45:00,102249.9,101676.3,103683.89999999997,125.8529728339684,range,102289.0,97066.60808549222,5.339933079708058,102568.8,97066.60808549222,5.668470365897285,2025-01-17 10:30:00,2025-01-17 17:30:00,102249.9,101676.3,2025-01-17 10:45:00,2025-01-17 17:45:00,102219.3,5.334728033471362,3,LONG,2025-01-17 15:05:00,103683.89999999997,314.632432084921,12899.929715481761
2025-01-17 17:40:00,2025-01-18 00:40:00,104198.9,102207.6,109177.14999999997,128.9992971548176,range,104079.4,97493.73692521408,6.877532122837124,104970.1,97427.54935662326,7.741702109090349,2025-01-17 16:10:00,2025-01-17 23:10:00,104198.9,102207.6,2025-01-17 17:40:00,2025-01-18 00:40:00,104156.0,2.154371516094734,18,LONG,2025-01-19 22:45:00,102207.6,-128.9992971548176,12770.930418326943
2025-01-27 10:40:00,2025-01-27 17:40:00,98745.5,99495.0,96871.75,127.70930418326944,range,98357.7,103358.27692400837,4.462900370717096,97680.0,103358.27692400837,5.493780559232025,2025-01-27 10:35:00,2025-01-27 17:35:00,98745.5,99495.0,2025-01-27 10:40:00,2025-01-27 17:40:00,98877.0,17.545030020013343,1,SHORT,2025-01-27 12:40:00,99495.0,-127.70930418326944,12643.221114143675
2025-01-30 17:05:00,2025-01-31 00:05:00,105329.7,104607.2,107135.95,126.43221114143675,range,105240.1,103171.88862490181,2.0914722060999202,106294.7,103101.85953819832,3.0967826148846136,2025-01-30 14:45:00,2025-01-30 21:45:00,105329.7,104607.2,2025-01-30 17:05:00,2025-01-31 00:05:00,105250.0,11.031141868511709,28,LONG,2025-01-31 00:05:00,104607.2,-126.43221114143675,12516.788903002238
2025-01-31 20:25:00,2025-02-01 03:25:00,101950.0,103551.3,97946.75,125.16788903002238,range,101647.5,103446.3339471816,1.4464833021009804,101562.1,103446.3339471816,1.8214603411114212,2025-01-31 20:20:00,2025-02-01 03:20:00,101950.0,103551.3,2025-01-31 20:25:00,2025-02-01 03:25:00,101988.1,2.379316805096219,1,SHORT,2025-02-02 17:15:00,97946.75,312.91972257505597,12829.708625577294
2025-02-02 17:25:00,2025-02-03 00:25:00,97888.9,99365.5,94197.39999999998,128.29708625577294,range,97203.3,102471.13257438075,4.471730192944489,96927.9,102471.13257438075,5.409555291444732,2025-02-02 17:20:00,2025-02-03 00:20:00,97888.9,99365.5,2025-02-02 17:25:00,2025-02-03 00:25:00,97994.0,7.117702830827943,1,SHORT,2025-02-03 01:40:00,94197.39999999998,320.74271563943233,13150.451341216725
2025-02-11 13:25:00,2025-02-11 20:25:00,97601.0,98197.0,96111.0,131.50451341216726,range,96730.8,97838.31726072467,0.24256065248163616,96600.5,97838.31726072467,1.2651661387696058,2025-02-11 13:20:00,2025-02-11 20:20:00,97601.0,98197.0,2025-02-11 13:25:00,2025-02-11 20:25:00,97630.8,5.0000000000004885,1,SHORT,2025-02-11 17:05:00,96111.0,328.76128353041815,13479.212624747144
2025-02-17 15:35:00,2025-02-17 22:35:00,96287.8,97000.0,94507.30000000002,134.79212624747146,range,95605.5,97052.56871206603,0.7879943026906686,95491.7,97052.56871206603,1.6082714067020651,2025-02-17 15:30:00,2025-02-17 22:30:00,96287.8,97000.0,2025-02-17 15:35:00,2025-02-17 22:35:00,96288.2,0.056163998875902954,1,SHORT,2025-02-18 17:20:00,94507.30000000002,336.9803156186787,13816.192940365823
2025-02-18 17:40:00,2025-02-19 00:40:00,94400.0,95595.0,91412.5,138.16192940365823,range,94074.6,96721.33271022566,2.4000214277240217,94065.0,96721.33271022566,2.7463772838862295,2025-02-18 17:30:00,2025-02-19 00:30:00,94400.0,95595.0,2025-02-18 17:40:00,2025-02-19 00:40:00,94449.8,4.167364016736645,2,SHORT,2025-02-18 23:55:00,95595.0,-138.16192940365823,13678.031010962164
2025-02-20 12:10:00,2025-02-20 19:10:00,97350.0,97111.4,97946.50000000001,136.78031010962164,range,97381.5,96530.94099390067,0.8484937551277778,97505.7,96530.94099390067,1.0097891888994583,2025-02-20 12:05:00,2025-02-20 19:05:00,97350.0,97111.4,2025-02-20 12:10:00,2025-02-20 19:10:00,97325.0,10.477787091366048,1,LONG,2025-02-20 14:20:00,97946.50000000001,341.9507752740541,14019.981786236218
2025-02-20 18:10:00,2025-02-21 01:10:00,97969.6,97452.7,99261.85000000003,140.19981786236218,range,98238.0,96587.27459839288,1.4311672084700588,98390.0,96587.27459839288,1.8664212331311805,2025-02-20 18:00:00,2025-02-21 01:00:00,97969.6,97452.7,2025-02-20 18:10:00,2025-02-21 01:10:00,97922.9,9.034629522153386,2,LONG,2025-02-21 13:05:00,99261.85000000003,350.4995446559054,14370.481330892124
2025-02-23 15:10:00,2025-02-23 22:10:00,95633.8,96000.0,94718.30000000002,143.70481330892125,range,95391.5,96677.49716766315,1.0795657709809316,95476.8,96690.42176231302,1.2551623420325737,2025-02-23 14:55:00,2025-02-23 21:55:00,95633.8,96000.0,2025-02-23 15:10:00,2025-02-23 22:10:00,95676.0,11.523757509556916,3,SHORT,2025-02-23 23:00:00,96000.0,-143.70481330892125,14226.776517583203
2025-02-24 19:50:00,2025-02-25 02:50:00,94060.1,94820.6,92158.85,142.26776517583204,range,93916.1,96359.54783818616,2.386320701761233,93612.9,96359.54783818616,2.8504158641326693,2025-02-24 19:40:00,2025-02-25 02:40:00,94060.1,94820.6,2025-02-24 19:50:00,2025-02-25 02:50:00,94089.6,3.879026955950033,2,SHORT,2025-02-24 23:25:00,92158.85,355.66941293958007,14582.445930522783
2025-03-04 01:05:00,2025-03-04 08:05:00,85824.0,86773.5,83450.25,145.82445930522783,range,83353.9,88864.85119159226,3.4218829501398638,82602.2,88864.85119159226,7.047388374161578,2025-03-04 01:00:00,2025-03-04 08:00:00,85824.0,86773.5,2025-03-04 01:05:00,2025-03-04 08:05:00,86047.5,23.538704581358612,1,SHORT,2025-03-04 01:40:00,83450.25,364.5611482630696,14947.007078785853
2025-03-06 04:45:00,2025-03-06 11:45:00,91988.0,91351.7,93578.75,149.47007078785853,range,92232.0,88368.81444708518,4.09554612173955,92400.0,88368.81444708518,4.5617739449573245,2025-03-06 04:40:00,2025-03-06 11:40:00,91988.0,91351.7,2025-03-06 04:45:00,2025-03-06 11:45:00,91968.8,3.0174446016025462,1,LONG,2025-03-06 07:50:00,91351.7,-149.47007078785853,14797.537007997995
2025-03-13 17:20:00,2025-03-14 00:20:00,80364.0,81500.0,77524.0,147.97537007997994,range,80034.6,84052.41059294825,4.388227020413015,79903.4,84052.41059294825,4.936218442373076,2025-03-13 17:15:00,2025-03-14 00:15:00,80364.0,81500.0,2025-03-13 17:20:00,2025-03-14 00:20:00,80465.0,8.890845070422536,1,SHORT,2025-03-14 00:40:00,81500.0,-147.97537007997994,14649.561637918016
2025-03-20 00:50:00,2025-03-20 07:50:00,85938.0,85294.8,87546.0,146.49561637918015,range,85979.8,83624.55404736061,2.7664673121355907,86470.0,83568.6328140051,3.4718375642836428,2025-03-19 22:40:00,2025-03-20 05:40:00,85938.0,85294.8,2025-03-20 00:50:00,2025-03-20 07:50:00,85900.0,5.907960199005002,26,LONG,2025-03-20 10:15:00,85294.8,-146.49561637918015,14503.066021538836
2025-03-23 14:00:00,2025-03-23 21:00:00,84999.9,84529.0,86177.14999999998,145.03066021538837,range,84862.0,84053.10342342452,1.1264266731543644,85075.0,84044.97380958957,1.225565484432217,2025-03-23 13:55:00,2025-03-23 20:55:00,84999.9,84529.0,2025-03-23 14:00:00,2025-03-23 21:00:00,84944.8,11.700998088764484,1,LONG,2025-03-24 00:20:00,86177.14999999998,362.5766505384709,14865.642672077307
2025-03-24 08:20:00,2025-03-24 15:20:00,87145.0,86685.4,88294.00000000001,148.65642672077308,range,87368.5,84358.22398779096,3.3035024689618484,87475.5,84358.22398779096,3.6952840693519096,2025-03-24 08:15:00,2025-03-24 15:15:00,87145.0,86685.4,2025-03-24 08:20:00,2025-03-24 15:20:00,87143.3,0.36988685813687294,1,LONG,2025-03-24 14:10:00,88294.00000000001,371.6410668019327,15237.28373887924
2025-03-28 11:00:00,2025-03-28 18:00:00,84962.7,85388.5,83898.19999999998,152.3728373887924,range,85214.0,86049.73089316176,1.2632589107238528,84850.0,86058.13019862067,1.4038536461718651,2025-03-28 10:55:00,2025-03-28 17:55:00,84962.7,85388.5,2025-03-28 11:00:00,2025-03-28 18:00:00,84997.0,8.055425082198843,1,SHORT,2025-03-28 12:25:00,85388.5,-152.3728373887924,15084.910901490448
2025-04-03 12:10:00,2025-04-03 19:10:00,83008.4,83610.0,81504.39999999998,150.84910901490449,range,81912.3,84237.73929141063,1.459368807557716,81830.0,84237.73929141063,2.858266747973065,2025-04-03 12:00:00,2025-04-03 19:00:00,83008.4,83610.0,2025-04-03 12:10:00,2025-04-03 19:10:00,83078.1,11.585771276597567,2,SHORT,2025-04-03 14:45:00,81504.39999999998,377.1227725372612,15462.033674027709
2025-04-06 13:40:00,2025-04-06 20:40:00,82485.0,82944.0,81337.5,154.62033674027708,range,82256.2,83673.59767427687,1.4205169937879585,82155.4,83673.59767427687,1.8144285849723927,2025-04-06 13:35:00,2025-04-06 20:35:00,82485.0,82944.0,2025-04-06 13:40:00,2025-04-06 20:40:00,82492.5,1.6339869281045754,1,SHORT,2025-04-06 17:30:00,81337.5,386.5508418506927,15848.584515878401
2025-04-06 17:45:00,2025-04-07 00:45:00,81300.5,82524.9,78239.50000000001,158.48584515878403,range,80765.9,83605.964513581,2.757535932985377,80507.1,83605.964513581,3.706511289726957,2025-04-06 17:40:00,2025-04-07 00:40:00,81300.5,82524.9,2025-04-06 17:45:00,2025-04-07 00:45:00,81451.0,12.291734727213386,1,SHORT,2025-04-06 22:00:00,78239.50000000001,396.2146128969601,16244.799128775361
2025-04-06 23:00:00,2025-04-07 06:00:00,78069.3,79660.9,74090.30000000002,162.4479912877536,range,78390.0,83325.97065196694,6.308562157556881,77762.5,83375.57839721284,6.7322812088587325,2025-04-06 22:50:00,2025-04-07 05:50:00,78069.3,79660.9,2025-04-06 23:00:00,2025-04-07 06:00:00,78168.0,6.201306861020208,2,SHORT,2025-04-07 14:10:00,79660.9,-162.4479912877536,16082.351137487607
2025-04-09 17:20:00,2025-04-10 00:20:00,78763.0,76968.1,83250.24999999999,160.82351137487606,range,82161.9,80687.91994935684,-2.3856358554849426,82277.0,80687.91994935684,1.9694150644117843,2025-04-09 17:15:00,2025-04-10 00:15:00,78763.0,76968.1,2025-04-09 17:20:00,2025-04-10 00:20:00,78415.0,19.388266755808186,1,LONG,2025-04-09 21:00:00,83250.24999999999,402.05877843719014,16484.409915924796
2025-04-11 14:00:00,2025-04-11 21:00:00,82500.0,81779.4,84301.50000000001,164.84409915924797,range,81856.7,80891.8391510685,1.9880384298448164,83297.9,80882.14205710938,2.9867630622157555,2025-04-11 13:35:00,2025-04-11 20:35:00,82500.0,81779.4,2025-04-11 14:00:00,2025-04-11 21:00:00,82277.8,30.835414932000454,5,LONG,2025-04-11 14:20:00,81779.4,-164.84409915924797,16319.565816765547
2025-04-12 21:30:00,2025-04-13 04:30:00,85232.7,84785.7,86350.2,163.19565816765547,range,85317.1,81689.57816371221,4.3372997093792005,85884.2,81653.12065781988,5.181772978293283,2025-04-12 20:30:00,2025-04-13 03:30:00,85232.7,84785.7,2025-04-12 21:30:00,2025-04-13 04:30:00,85211.0,4.854586129753264,12,LONG,2025-04-13 02:25:00,84785.7,-163.19565816765547,16156.370158597892
2025-04-15 13:40:00,2025-04-15 20:40:00,85865.4,85401.6,87024.89999999997,161.56370158597892,range,85537.2,83162.04626269828,3.2507061319320694,86443.0,83162.04626269828,3.9452537362267512,2025-04-15 13:35:00,2025-04-15 20:35:00,85865.4,85401.6,2025-04-15 13:40:00,2025-04-15 20:40:00,85771.1,20.332039672270533,1,LONG,2025-04-15 14:00:00,85401.6,-161.56370158597892,15994.806457011913
2025-04-19 09:30:00,2025-04-19 16:30:00,85218.0,84878.4,86067.00000000001,159.94806457011913,range,85292.5,83955.91236175974,1.5032742813895261,85361.1,83942.47932016937,1.6899913980617642,2025-04-19 08:35:00,2025-04-19 15:35:00,85218.0,84878.4,2025-04-19 09:30:00,2025-04-19 16:30:00,85168.0,14.72320376913991,11,LONG,2025-04-19 16:45:00,84878.4,-159.94806457011913,15834.858392441794
2025-04-21 05:55:00,2025-04-21 12:55:00,87465.0,87007.0,88610.0,158.34858392441794,range,87505.0,84417.02879244856,3.6106118056409167,87702.3,84417.02879244856,3.8917162266262126,2025-04-21 05:45:00,2025-04-21 12:45:00,87465.0,87007.0,2025-04-21 05:55:00,2025-04-21 12:55:00,87463.9,0.24017467249035387,2,LONG,2025-04-21 11:15:00,87007.0,-158.34858392441794,15676.509808517376
2025-04-22 21:00:00,2025-04-23 04:00:00,90999.5,90540.1,92147.99999999999,156.76509808517378,range,92974.3,85817.56369317509,6.038316731236939,91477.1,85576.92698204797,6.894583886132947,2025-04-22 17:30:00,2025-04-23 00:30:00,90999.5,90540.1,2025-04-22 21:00:00,2025-04-23 04:00:00,90999.3,0.04353504571116503,6,LONG,2025-04-22 21:45:00,92147.99999999999,391.91274521293445,16068.42255373031
2025-04-25 11:15:00,2025-04-25 18:15:00,93949.0,93540.0,94971.5,160.6842255373031,range,94602.3,89260.71166819273,5.252353744651916,94642.6,89260.71166819273,6.0294033413191634,2025-04-25 11:10:00,2025-04-25 18:10:00,93949.0,93540.0,2025-04-25 11:15:00,2025-04-25 18:15:00,93908.2,9.9755501222501,1,LONG,2025-04-25 12:10:00,94971.5,401.7105638432577,16470.13311757357
2025-05-01 12:45:00,2025-05-01 19:45:00,96343.0,95770.0,97775.5,164.7013311757357,range,96321.1,93317.1781878892,3.242513190892314,96414.8,93317.1781878892,3.3194550802574616,2025-05-01 12:40:00,2025-05-01 19:40:00,96343.0,95770.0,2025-05-01 12:45:00,2025-05-01 19:45:00,96190.9,26.544502617802063,1,LONG,2025-05-01 13:55:00,95770.0,-164.7013311757357,16305.431786397832
2025-05-08 03:45:00,2025-05-08 10:45:00,98835.7,97769.1,101502.19999999998,163.05431786397833,range,99097.9,95299.8360888329,3.710251828629766,99199.9,95299.8360888329,4.0924140808927305,2025-05-08 03:40:00,2025-05-08 10:40:00,98835.7,97769.1,2025-05-08 03:45:00,2025-05-08 10:45:00,98790.0,4.284642790174148,1,LONG,2025-05-08 17:25:00,101502.19999999998,407.6357946599458,16713.067581057778
2025-05-11 04:15:00,2025-05-11 11:15:00,104239.0,103406.3,106320.75,167.13067581057777,range,104118.0,99163.7554108927,5.118043954747006,105000.1,99163.7554108927,5.885562285256301,2025-05-11 04:10:00,2025-05-11 11:10:00,104239.0,103406.3,2025-05-11 04:15:00,2025-05-11 11:15:00,104213.0,3.122373003482658,1,LONG,2025-05-11 07:40:00,103406.3,-167.13067581057777,16545.9369052472
2025-05-18 13:35:00,2025-05-18 20:35:00,103919.0,103660.7,104564.75,165.459369052472,range,104708.2,102681.54101065415,1.2051425963868707,104780.5,102681.54101065415,2.0441444184481616,2025-05-18 13:30:00,2025-05-18 20:30:00,103919.0,103660.7,2025-05-18 13:35:00,2025-05-18 20:35:00,103908.3,4.142469996127359,1,LONG,2025-05-18 13:55:00,104564.75,413.64842263118,16959.58532787838
2025-05-20 23:30:00,2025-05-21 06:30:00,106896.6,105875.8,109448.6,169.5958532787838,range,106800.1,103712.63322140221,3.0699893346654985,107292.5,103712.63322140221,3.4517171798691204,2025-05-20 23:15:00,2025-05-21 06:15:00,106896.6,105875.8,2025-05-20 23:30:00,2025-05-21 06:30:00,106860.0,3.585423197492723,3,LONG,2025-05-21 16:30:00,109448.6,423.9896331969595,17383.57496107534
2025-05-26 07:15:00,2025-05-26 14:15:00,109733.0,109327.4,110747.00000000001,173.83574961075342,range,110049.9,107372.33201578562,2.1985812731228735,109919.8,107345.42178478849,2.3982189202002107,2025-05-26 06:50:00,2025-05-26 13:50:00,109733.0,109327.4,2025-05-26 07:15:00,2025-05-26 14:15:00,109677.4,13.708086785011101,5,LONG,2025-05-26 16:20:00,109327.4,-173.83574961075342,17209.739211464588
2025-05-28 15:20:00,2025-05-28 22:20:00,107415.0,108943.4,103594.00000000001,172.09739211464588,range,107065.5,108115.73717401022,0.6481361477306502,107000.0,108115.73717401022,1.031984060021222,2025-05-28 15:05:00,2025-05-28 22:05:00,107415.0,108943.4,2025-05-28 15:20:00,2025-05-28 22:20:00,107419.3,0.2813399633605683,3,SHORT,2025-05-30 23:35:00,103594.00000000001,430.2434802866147,17639.982691751204
2025-06-04 13:55:00,2025-06-04 20:55:00,104718.2,105228.6,103442.19999999998,176.39982691751203,range,104702.6,105751.7011874934,0.9772903659119808,104620.0,105751.7011874934,1.0701493921945866,2025-06-04 13:50:00,2025-06-04 20:50:00,104718.2,105228.6,2025-06-04 13:55:00,2025-06-04 20:55:00,104774.2,10.971786833855612,1,SHORT,2025-06-04 15:15:00,105228.6,-176.39982691751203,17463.58286483369
2025-06-05 16:40:00,2025-06-05 23:40:00,103834.1,104825.0,101356.85000000002,174.6358286483369,range,103208.8,105514.51362879308,1.5925900343007584,103179.9,105514.51362879308,2.2125995263612817,2025-06-05 16:35:00,2025-06-05 23:35:00,103834.1,104825.0,2025-06-05 16:40:00,2025-06-05 23:40:00,103939.2,10.606519325864557,1,SHORT,2025-06-05 20:10:00,101356.85000000002,436.58957162084226,17900.172436454533
2025-06-05 20:55:00,2025-06-06 03:55:00,100700.0,102942.8,95093.0,179.00172436454534,range,100428.8,105380.68217446287,4.441689005878488,100305.1,105380.68217446287,4.816425619697535,2025-06-05 20:50:00,2025-06-06 03:50:00,100700.0,102942.8,2025-06-05 20:55:00,2025-06-06 03:55:00,100755.4,2.4701266274297353,1,SHORT,2025-06-06 06:10:00,102942.8,-179.00172436454534,17721.17071208999
2025-06-09 17:35:00,2025-06-10 00:35:00,108100.0,107563.4,109441.50000000001,177.2117071208999,range,108282.7,105373.59226392339,2.5873728678129595,108366.0,105373.59226392339,2.8398080313914815,2025-06-09 17:10:00,2025-06-10 00:10:00,108100.0,107563.4,2025-06-09 17:35:00,2025-06-10 00:35:00,108100.0,0.0,5,LONG,2025-06-09 21:15:00,109441.50000000001,443.0292678022497,18164.199979892237
2025-06-16 18:25:00,2025-06-17 01:25:00,107977.3,107450.0,109295.55000000002,181.64199979892237,range,108207.1,106199.5830735047,1.6739396474512267,108248.4,106199.5830735047,1.929213719301728,2025-06-16 18:20:00,2025-06-17 01:20:00,107977.3,107450.0,2025-06-16 18:25:00,2025-06-17 01:25:00,107948.7,5.423857386687969,1,LONG,2025-06-16 22:40:00,107450.0,-181.64199979892237,17982.557980093316
2025-06-17 13:45:00,2025-06-17 20:45:00,105350.6,105816.5,104185.85000000002,179.82557980093316,range,105301.4,106323.0368313108,0.9146059596225043,105140.7,106323.0368313108,1.1120231951112067,2025-06-17 13:40:00,2025-06-17 20:40:00,105350.6,105816.5,2025-06-17 13:45:00,2025-06-17 20:45:00,105480.3,27.838591972526018,1,SHORT,2025-06-17 15:30:00,104185.85000000002,449.5639495023329,18432.121929595647
2025-06-22 14:30:00,2025-06-22 21:30:00,100000.0,102765.2,93087.0,184.32121929595647,range,99584.2,104476.96905321185,4.285125318797926,99024.9,104476.96905321185,5.218441061814333,2025-06-22 14:20:00,2025-06-22 21:20:00,100000.0,102765.2,2025-06-22 14:30:00,2025-06-22 21:30:00,100182.8,6.610733400839111,2,SHORT,2025-06-23 18:00:00,102765.2,-184.32121929595647,18247.80071029969
2025-06-24 17:20:00,2025-06-25 00:20:00,105675.0,105087.8,107143.0,182.47800710299688,range,105991.6,103921.06759952013,1.6877544091819625,106222.0,103900.25822866103,2.2345871039409193,2025-06-24 16:40:00,2025-06-24 23:40:00,105675.0,105087.8,2025-06-24 17:20:00,2025-06-25 00:20:00,105623.2,8.821525885559122,8,LONG,2025-06-25 10:25:00,107143.0,456.1950177574922,18703.99572805718
2025-06-25 14:20:00,2025-06-25 21:20:00,107257.6,106868.6,108230.1,187.0399572805718,range,107559.3,104406.58305727881,2.730686954056422,108095.7,104374.89745986453,3.564844259191953,2025-06-25 13:10:00,2025-06-25 20:10:00,107257.6,106868.6,2025-06-25 14:20:00,2025-06-25 21:20:00,107162.6,24.42159383033419,14,LONG,2025-06-25 15:30:00,106868.6,-187.0399572805718,18516.955770776607
2025-06-30 01:05:00,2025-06-30 08:05:00,108424.4,107963.5,109576.64999999998,185.16955770776607,range,108455.2,106362.163850639,1.9388813415425865,108783.9,106341.12831144944,2.297109055864272,2025-06-30 00:20:00,2025-06-30 07:20:00,108424.4,107963.5,2025-06-30 01:05:00,2025-06-30 08:05:00,108349.3,16.294206986329403,9,LONG,2025-06-30 06:35:00,107963.5,-185.16955770776607,18331.78621306884
2025-07-01 19:15:00,2025-07-02 02:15:00,105628.6,106248.6,104078.6,183.3178621306884,range,105340.1,106580.10167714578,0.8927573366631594,105333.0,106580.10167714578,1.1701074192287046,2025-07-01 19:00:00,2025-07-02 02:00:00,105628.6,106248.6,2025-07-01 19:15:00,2025-07-02 02:15:00,105677.9,7.951612903223928,3,SHORT,2025-07-02 04:50:00,106248.6,-183.3178621306884,18148.468350938154
2025-07-02 13:40:00,2025-07-02 20:40:00,107629.6,107132.3,108872.85,181.48468350938154,range,107724.0,106585.50803329652,0.9795815453422843,107950.0,106585.50803329652,1.2801852633448325,2025-07-02 13:35:00,2025-07-02 20:35:00,107629.6,107132.3,2025-07-02 13:40:00,2025-07-02 20:40:00,107589.3,8.10376030565105,1,LONG,2025-07-02 16:05:00,108872.85,453.71170877345384,18602.18005971161
2025-07-09 13:55:00,2025-07-09 20:55:00,109074.0,108740.0,109909.0,186.02180059711608,range,109136.9,108178.60665187321,0.8276990948942714,109472.0,108168.97556294731,1.2046193747063982,2025-07-09 12:05:00,2025-07-09 19:05:00,109074.0,108740.0,2025-07-09 13:55:00,2025-07-09 20:55:00,109072.2,0.5389221556894941,22,LONG,2025-07-09 14:30:00,108740.0,-186.02180059711608,18416.158259114494
2025-07-10 21:05:00,2025-07-11 04:05:00,113550.8,113031.3,114849.55,184.16158259114493,range,116459.4,109061.43624913078,4.116362213142044,117500.0,109061.43624913078,7.737440511596483,2025-07-10 21:00:00,2025-07-11 04:00:00,113550.8,113031.3,2025-07-10 21:05:00,2025-07-11 04:05:00,113519.4,6.04427333975144,1,LONG,2025-07-10 21:15:00,114849.55,460.4039564778623,18876.562215592356
2025-07-16 09:40:00,2025-07-16 16:40:00,118785.0,118076.8,120555.5,188.76562215592355,range,119188.9,115831.15064273446,2.550133829177172,119204.0,115831.15064273446,2.9118672641599157,2025-07-16 09:05:00,2025-07-16 16:05:00,118785.0,118076.8,2025-07-16 09:40:00,2025-07-16 16:40:00,118725.8,8.359220559163703,7,LONG,2025-07-17 01:35:00,118076.8,-188.76562215592355,18687.796593436433
2025-07-22 23:30:00,2025-07-23 06:30:00,120059.1,119414.8,121669.85,186.87796593436434,range,119993.7,117819.51773876885,1.9008584521596796,120300.1,117819.51773876885,2.1054086019356686,2025-07-22 23:10:00,2025-07-23 06:10:00,120059.1,119414.8,2025-07-22 23:30:00,2025-07-23 06:30:00,119982.8,11.842309483160417,4,LONG,2025-07-23 02:00:00,119414.8,-186.87796593436434,18500.91862750207
2025-07-30 20:05:00,2025-07-31 03:05:00,117208.0,117995.4,115239.50000000001,185.0091862750207,range,117138.9,117993.94936847725,0.6660929417853835,116444.0,118013.97341066762,1.3303284054375415,2025-07-30 18:45:00,2025-07-31 01:45:00,117208.0,117995.4,2025-07-30 20:05:00,2025-07-31 03:05:00,117244.9,4.686309372618041,16,SHORT,2025-07-31 00:25:00,117995.4,-185.0091862750207,18315.90944122705
2025-08-07 22:25:00,2025-08-08 05:25:00,117425.0,116942.2,118632.0,183.1590944122705,range,117500.1,115256.03962698884,1.8818626598924564,117580.0,115256.03962698884,2.0163458509700236,2025-08-07 22:20:00,2025-08-08 05:20:00,117425.0,116942.2,2025-08-07 22:25:00,2025-08-08 05:25:00,117348.9,15.7622203811113,1,LONG,2025-08-08 00:15:00,116942.2,-183.1590944122705,18132.75034681478
2025-08-10 23:05:00,2025-08-11 06:05:00,119046.6,118111.1,121385.35,181.3275034681478,range,119255.3,116339.87043793048,2.326570892576001,119291.9,116339.87043793048,2.5374186432883077,2025-08-10 23:00:00,2025-08-11 06:00:00,119046.6,118111.1,2025-08-10 23:05:00,2025-08-11 06:05:00,119022.5,2.576162479957864,1,LONG,2025-08-11 02:20:00,121385.35,453.3187586703695,18586.06910548515
2025-08-13 14:55:00,2025-08-13 21:55:00,120756.5,120066.1,122482.49999999999,185.8606910548515,range,120880.0,117945.01626893939,2.3837240605824634,122087.3,117915.51894500913,3.5379406309837975,2025-08-13 13:45:00,2025-08-13 20:45:00,120756.5,120066.1,2025-08-13 14:55:00,2025-08-13 21:55:00,120730.0,3.8383545770568106,14,LONG,2025-08-13 19:20:00,122482.49999999999,464.6517276371287,19050.72083312228
2025-08-14 00:15:00,2025-08-14 07:15:00,123715.9,122870.5,125829.39999999998,190.50720833122278,range,123871.1,118371.74196186385,4.514724502286942,124545.6,118371.74196186385,5.215651924870044,2025-08-14 00:05:00,2025-08-14 07:05:00,123715.9,122870.5,2025-08-14 00:15:00,2025-08-14 07:15:00,123674.5,4.897090134846755,2,LONG,2025-08-14 05:25:00,122870.5,-190.50720833122278,18860.213624791057
2025-08-14 16:15:00,2025-08-14 23:15:00,117750.2,119313.9,113840.95000000001,188.60213624791058,range,117815.2,118750.81867272971,0.8426204416218499,117339.9,118750.81867272971,1.1881338490963411,2025-08-14 16:10:00,2025-08-14 23:10:00,117750.2,119313.9,2025-08-14 16:15:00,2025-08-14 23:15:00,117837.0,5.550936880475991,1,SHORT,2025-08-19 14:40:00,113840.95000000001,471.50534061977646,19331.718965410833
2025-08-29 20:10:00,2025-08-30 03:10:00,107869.6,108697.7,105799.35000000003,193.31718965410835,range,107742.6,112362.77667767755,3.99881242750579,107468.1,112362.77667767755,4.356137167843721,2025-08-29 20:05:00,2025-08-30 03:05:00,107869.6,108697.7,2025-08-29 20:10:00,2025-08-30 03:10:00,107904.0,4.154087670570528,1,SHORT,2025-08-30 08:25:00,108697.7,-193.31718965410835,19138.401775756724
2025-09-03 17:15:00,2025-09-04 00:15:00,112303.5,111626.0,113997.25,191.38401775756725,range,112251.8,110560.10778579889,1.5768727519502725,112541.2,110560.10778579889,1.7918689244038315,2025-09-03 17:10:00,2025-09-04 00:10:00,112303.5,111626.0,2025-09-03 17:15:00,2025-09-04 00:15:00,112282.2,3.1439114391148206,1,LONG,2025-09-03 23:30:00,111626.0,-191.38401775756725,18947.017757999158
2025-09-04 15:50:00,2025-09-04 22:50:00,109603.7,110845.3,106499.69999999998,189.47017757999157,range,109448.0,110653.2953039667,0.9485440999144664,109269.1,110653.2953039667,1.2509300334565618,2025-09-04 15:10:00,2025-09-04 22:10:00,109603.7,110845.3,2025-09-04 15:50:00,2025-09-04 22:50:00,109609.1,0.4349226804130723,8,SHORT,2025-09-04 22:25:00,110845.3,-189.47017757999157,18757.547580419166
2025-09-08 13:25:00,2025-09-08 20:25:00,112120.6,111718.7,113125.35000000003,187.57547580419165,range,111864.3,110873.11528736849,1.1251462623722608,112331.0,110873.11528736849,1.314912735024053,2025-09-08 13:00:00,2025-09-08 20:00:00,112120.6,111718.7,2025-09-08 13:25:00,2025-09-08 20:25:00,112108.4,3.035580990298924,5,LONG,2025-09-09 00:20:00,111718.7,-187.57547580419165,18569.972104614975
2025-09-11 03:30:00,2025-09-11 10:30:00,113988.3,113663.7,114799.80000000002,185.69972104614976,range,114354.4,111623.77111451882,2.1183022772589593,114433.2,111623.77111451882,2.5168732944874987,2025-09-11 03:20:00,2025-09-11 10:20:00,113988.3,113663.7,2025-09-11 03:30:00,2025-09-11 10:30:00,113984.4,1.20147874307106,2,LONG,2025-09-11 12:30:00,113663.7,-185.69972104614976,18384.272383568827
2025-09-15 05:25:00,2025-09-15 12:25:00,116183.3,115341.8,118287.05,183.84272383568828,range,116474.2,114025.95482483707,1.8919772945352447,116547.9,114025.95482483707,2.2117290568073327,2025-09-15 05:20:00,2025-09-15 12:20:00,116183.3,115341.8,2025-09-15 05:25:00,2025-09-15 12:25:00,116164.1,2.2816399286984064,1,LONG,2025-09-15 08:35:00,115341.8,-183.84272383568828,18200.429659733138
2025-09-18 08:15:00,2025-09-18 15:15:00,117165.5,116834.5,117993.0,182.00429659733138,range,117187.1,115084.54019258481,1.8082010007016294,117865.9,115084.54019258481,2.416797080442601,2025-09-18 08:10:00,2025-09-18 15:10:00,117165.5,116834.5,2025-09-18 08:15:00,2025-09-18 15:15:00,117141.2,7.341389728097555,1,LONG,2025-09-18 23:00:00,116834.5,-182.00429659733138,18018.425363135808
2025-09-22 09:15:00,2025-09-22 16:15:00,112377.0,112948.8,110947.5,180.18425363135808,range,112288.6,115380.21246461752,2.6028834584946585,111469.2,115380.21246461752,3.3896734813318834,2025-09-22 09:10:00,2025-09-22 16:10:00,112377.0,112948.8,2025-09-22 09:15:00,2025-09-22 16:15:00,112491.7,20.05946135012181,1,SHORT,2025-09-22 13:55:00,112948.8,-180.18425363135808,17838.241109504448
2025-09-25 13:05:00,2025-09-25 20:05:00,111000.0,111617.3,109456.75,178.3824110950445,range,110958.5,113838.01960492495,2.4930331841455975,110555.0,113838.01960492495,2.8839394925515003,2025-09-25 13:00:00,2025-09-25 20:00:00,111000.0,111617.3,2025-09-25 13:05:00,2025-09-25 20:05:00,111106.5,17.252551433662646,1,SHORT,2025-09-25 13:25:00,111617.3,-178.3824110950445,17659.858698409404
2025-09-29 21:25:00,2025-09-30 04:25:00,114094.2,113790.5,114853.44999999998,176.59858698409403,range,114120.9,111737.46614740028,2.1091706603502134,114349.7,111688.61969700558,2.382588584417582,2025-09-29 19:40:00,2025-09-30 02:40:00,114094.2,113790.5,2025-09-29 21:25:00,2025-09-30 04:25:00,114080.4,12.084293710898072,21,LONG,2025-09-30 05:55:00,113790.5,-176.59858698409403,17483.26011142531
2025-10-01 11:45:00,2025-10-01 18:45:00,116520.0,116154.5,117433.75,174.8326011142531,range,116736.8,112509.93837835918,3.564184355123727,116750.0,112509.93837835918,3.768610740308059,2025-10-01 11:40:00,2025-10-01 18:40:00,116520.0,116154.5,2025-10-01 11:45:00,2025-10-01 18:45:00,116456.3,17.42818057455461,1,LONG,2025-10-01 15:25:00,117433.75,437.0815027856327,17920.34161421094
2025-10-01 23:35:00,2025-10-02 06:35:00,118041.9,117276.3,119955.89999999997,179.20341614210943,range,118552.4,113054.70360445781,4.411312609328298,118631.8,113054.70360445781,4.9330954110982095,2025-10-01 23:15:00,2025-10-02 06:15:00,118041.9,117276.3,2025-10-01 23:35:00,2025-10-02 06:35:00,118020.7,2.769070010448972,4,LONG,2025-10-02 16:00:00,119955.89999999997,448.00854035527357,18368.350154566215
2025-10-09 17:35:00,2025-10-10 00:35:00,120528.0,121447.3,118229.75,183.68350154566215,range,120915.6,121057.13551919752,0.43709568785691677,119619.0,121058.55798672713,1.1891418588390612,2025-10-09 16:50:00,2025-10-09 23:50:00,120528.0,121447.3,2025-10-09 17:35:00,2025-10-10 00:35:00,120531.6,0.3916023061031012,9,SHORT,2025-10-09 21:35:00,121447.3,-183.68350154566215,18184.66665302055
2025-10-10 15:05:00,2025-10-10 22:05:00,120408.1,122497.0,115185.85000000002,181.8466665302055,range,118965.3,121076.36060286597,0.5519331763347919,118424.4,121076.36060286597,2.190320711376918,2025-10-10 15:00:00,2025-10-10 22:00:00,120408.1,122497.0,2025-10-10 15:05:00,2025-10-10 22:05:00,120516.1,5.170185264972009,1,SHORT,2025-10-10 20:50:00,115185.85000000002,454.6166663255138,18639.283319346065
2025-10-14 04:40:00,2025-10-14 11:40:00,113150.2,113726.9,111708.45000000001,186.39283319346066,range,113012.9,116734.07300640014,3.070117330870183,112718.0,116734.07300640014,3.440360558806127,2025-10-14 04:35:00,2025-10-14 11:35:00,113150.2,113726.9,2025-10-14 04:40:00,2025-10-14 11:40:00,113198.3,8.34055834922942,1,SHORT,2025-10-14 06:45:00,111708.45000000001,465.98208298365165,19105.265402329715
2025-10-14 11:15:00,2025-10-14 18:15:00,111350.0,112100.1,109474.74999999999,191.05265402329715,range,111241.4,116382.82760801018,4.3243730294655505,111002.8,116493.40075228452,4.713229004241979,2025-10-14 09:45:00,2025-10-14 16:45:00,111350.0,112100.1,2025-10-14 11:15:00,2025-10-14 18:15:00,111397.5,6.332489001466422,18,SHORT,2025-10-14 14:15:00,112100.1,-191.05265402329715,18914.212748306418
2025-10-17 10:30:00,2025-10-17 17:30:00,104217.6,105660.0,100611.60000000002,189.14212748306417,range,104728.5,113229.1338660741,7.958670669275645,103470.0,113229.1338660741,8.618924770383808,2025-10-17 10:15:00,2025-10-17 17:15:00,104217.6,105660.0,2025-10-17 10:30:00,2025-10-17 17:30:00,104228.7,0.7695507487514777,3,SHORT,2025-10-17 11:10:00,105660.0,-189.14212748306417,18725.070620823353
2025-10-23 22:35:00,2025-10-24 05:35:00,109956.8,109260.0,111698.80000000002,187.25070620823354,range,109890.0,109745.53213456966,0.192507030875106,111240.0,109745.53213456966,1.3617573639333493,2025-10-23 22:30:00,2025-10-24 05:30:00,109956.8,109260.0,2025-10-23 22:35:00,2025-10-24 05:35:00,109956.8,0.0,1,LONG,2025-10-24 12:30:00,111698.80000000002,468.12676552058383,19193.197386343938
2025-10-29 16:15:00,2025-10-29 23:15:00,111125.6,112696.3,107198.85,191.9319738634394,range,111060.0,112295.96453625246,1.0422142425916174,110888.0,112295.96453625246,1.2537979811357585,2025-10-29 16:10:00,2025-10-29 23:10:00,111125.6,112696.3,2025-10-29 16:15:00,2025-10-29 23:15:00,111161.9,2.311071496784136,1,SHORT,2025-10-30 17:20:00,107198.85,479.8299346585985,19673.027321002537
2025-11-03 17:20:00,2025-11-04 00:20:00,107317.6,108280.0,104911.60000000002,196.7302732100254,range,107433.2,110263.51892309534,2.6717076979467724,105500.0,110328.62729759284,4.376586037428379,2025-11-03 15:20:00,2025-11-03 22:20:00,107317.6,108280.0,2025-11-03 17:20:00,2025-11-04 00:20:00,107797.2,49.8337489609304,24,SHORT,2025-11-04 05:40:00,104911.60000000002,491.8256830250635,20164.853004027602
2025-11-06 17:10:00,2025-11-07 00:10:00,101401.3,102907.4,97636.05000000002,201.64853004027603,range,101762.2,106639.28493427759,4.911871771745081,100238.4,106688.30086326529,6.045555896078683,2025-11-06 16:35:00,2025-11-06 23:35:00,101401.3,102907.4,2025-11-06 17:10:00,2025-11-07 00:10:00,101456.3,3.6518159484762176,7,SHORT,2025-11-07 19:15:00,102907.4,-201.64853004027603,19963.204473987327
2025-11-09 23:10:00,2025-11-10 06:10:00,104807.2,103999.5,106826.44999999998,199.63204473987327,range,104670.6,104317.21214794251,0.46970949660980743,105440.0,104317.21214794251,1.0763207997402697,2025-11-09 23:00:00,2025-11-10 06:00:00,104807.2,103999.5,2025-11-09 23:10:00,2025-11-10 06:10:00,104800.2,0.8666584127770244,2,LONG,2025-11-11 01:15:00,106826.44999999998,499.08011184968314,20462.28458583701
2025-11-12 19:40:00,2025-11-13 02:40:00,101360.4,102100.0,99511.39999999998,204.62284585837008,range,101245.4,104353.32817878868,2.868071609235979,100711.0,104353.32817878868,3.4903804625649077,2025-11-12 19:05:00,2025-11-13 02:05:00,101360.4,102100.0,2025-11-12 19:40:00,2025-11-13 02:40:00,101498.3,18.645213628989676,7,SHORT,2025-11-13 01:10:00,102100.0,-204.62284585837008,20257.661739978637
2025-11-13 16:20:00,2025-11-13 23:20:00,101000.0,103456.0,94860.0,202.5766173997864,range,100580.2,103975.29846731275,2.8615435696470835,100455.7,103975.29846731275,3.3850332907861067,2025-11-13 16:15:00,2025-11-13 23:15:00,101000.0,103456.0,2025-11-13 16:20:00,2025-11-13 23:20:00,101000.0,0.0,1,SHORT,2025-11-14 12:35:00,94860.0,506.441543499466,20764.103283478104
2025-11-17 17:45:00,2025-11-18 00:45:00,93016.0,94388.0,89586.0,207.64103283478104,range,92724.0,98818.25083035756,5.871638873995403,92620.1,98818.25083035756,6.272273368811184,2025-11-17 17:40:00,2025-11-18 00:40:00,93016.0,94388.0,2025-11-17 17:45:00,2025-11-18 00:45:00,93019.9,0.28425655976633957,1,SHORT,2025-11-18 04:45:00,89586.0,519.1025820869526,21283.205865565054
2025-11-19 16:20:00,2025-11-19 23:20:00,89822.0,92348.2,83506.5,212.83205865565054,range,89863.2,96134.90256914987,6.566712401470419,89416.0,96134.90256914987,6.989035604750272,2025-11-19 16:15:00,2025-11-19 23:15:00,89822.0,92348.2,2025-11-19 16:20:00,2025-11-19 23:20:00,90049.6,9.009579605732169,1,SHORT,2025-11-20 01:15:00,92348.2,-212.83205865565054,21070.373806909403
2025-11-27 03:00:00,2025-11-27 10:00:00,91273.9,90291.8,93729.14999999997,210.70373806909404,range,91049.3,88809.57790910803,2.77483819753548,91850.0,88787.06813935032,3.449749974672488,2025-11-27 02:25:00,2025-11-27 09:25:00,91273.9,90291.8,2025-11-27 03:00:00,2025-11-27 10:00:00,91238.2,3.6350677120453527,7,LONG,2025-11-28 17:30:00,90291.8,-210.70373806909404,20859.67006884031
2025-11-30 08:30:00,2025-11-30 15:30:00,90999.4,90815.9,91458.15,208.5967006884031,range,91132.5,89990.00730133423,1.12167198218551,91428.2,89990.00730133423,1.598169332123657,2025-11-30 08:20:00,2025-11-30 15:20:00,90999.4,90815.9,2025-11-30 08:30:00,2025-11-30 15:30:00,90972.8,14.495912806534752,2,LONG,2025-11-30 09:10:00,91458.15,521.4917517210077,21381.16182056132
2025-12-01 13:00:00,2025-12-01 20:00:00,86064.3,86658.0,84580.05000000002,213.8116182056132,range,85943.2,89672.73266337355,4.024002119930261,84700.1,89710.21540370896,5.584776918841086,2025-12-01 12:05:00,2025-12-01 19:05:00,86064.3,86658.0,2025-12-01 13:00:00,2025-12-01 20:00:00,86129.8,11.032508000673795,11,SHORT,2025-12-01 15:30:00,84580.05000000002,534.529045514033,21915.690866075354
2025-12-03 06:10:00,2025-12-03 13:10:00,93632.5,92700.0,95963.75,219.15690866075354,range,93386.0,89423.53040216936,4.70678084269477,93932.7,89423.53040216936,5.04248666715718,2025-12-03 06:00:00,2025-12-03 13:00:00,93632.5,92700.0,2025-12-03 06:10:00,2025-12-03 13:10:00,93583.6,5.243967828417606,2,LONG,2025-12-03 08:35:00,92700.0,-219.15690866075354,21696.533957414602
2025-12-14 11:05:00,2025-12-14 18:05:00,89740.0,90101.0,88837.5,216.96533957414601,range,89308.2,90759.10550550857,1.1228686089757907,88412.8,90759.10550550857,2.585201222995927,2025-12-14 11:00:00,2025-12-14 18:00:00,89740.0,90101.0,2025-12-14 11:05:00,2025-12-14 18:05:00,89763.4,6.481994459832182,1,SHORT,2025-12-14 11:40:00,88837.5,542.4133489353651,22238.947306349968
2025-12-14 16:45:00,2025-12-14 23:45:00,88831.7,89372.8,87478.94999999998,222.38947306349968,range,88780.0,90679.7107450981,2.0379539479265483,88412.8,90679.7107450981,2.4999095458855316,2025-12-14 16:40:00,2025-12-14 23:40:00,88831.7,89372.8,2025-12-14 16:45:00,2025-12-14 23:45:00,88865.9,6.320458325632364,1,SHORT,2025-12-15 02:00:00,89372.8,-222.38947306349968,22016.557833286468
2025-12-15 16:35:00,2025-12-15 23:35:00,86563.6,88847.9,80852.85000000003,220.1655783328647,range,86360.6,90300.60477144437,4.13840503161958,86000.0,90300.60477144437,4.762542601269869,2025-12-15 16:30:00,2025-12-15 23:30:00,86563.6,88847.9,2025-12-15 16:35:00,2025-12-15 23:35:00,86694.6,5.73479840651406,1,SHORT,2025-12-17 14:50:00,88847.9,-220.1655783328647,21796.392254953604
2025-12-17 20:20:00,2025-12-18 03:20:00,86215.0,87077.0,84060.0,217.96392254953605,range,85854.7,88883.4171408315,3.002154087531899,85615.0,88943.3153684688,3.7420635319028346,2025-12-17 18:40:00,2025-12-18 01:40:00,86215.0,87077.0,2025-12-17 20:20:00,2025-12-18 03:20:00,86228.2,1.5313225058001263,20,SHORT,2025-12-18 08:30:00,87077.0,-217.96392254953605,21578.428332404066
2025-12-23 14:50:00,2025-12-23 21:50:00,87222.6,87858.6,85632.6,215.78428332404067,range,86837.3,88293.40688556868,1.2127823847101917,86536.0,88293.40688556868,1.9904168924485366,2025-12-23 14:45:00,2025-12-23 21:45:00,87222.6,87858.6,2025-12-23 14:50:00,2025-12-23 21:50:00,87243.1,3.2232704402515724,1,SHORT,2025-12-23 16:00:00,87858.6,-215.78428332404067,21362.644049080027
2025-12-25 23:50:00,2025-12-26 06:50:00,87251.2,87912.7,85597.45,213.62644049080026,range,87182.8,87967.337005004,0.814094218815856,86902.1,87967.337005004,1.2109460639275624,2025-12-25 23:30:00,2025-12-26 06:30:00,87251.2,87912.7,2025-12-25 23:50:00,2025-12-26 06:50:00,87296.2,6.802721088435375,4,SHORT,2025-12-26 02:10:00,87912.7,-213.62644049080026,21149.017608589227
2025-12-29 13:00:00,2025-12-29 20:00:00,87492.9,87995.7,86235.9,211.49017608589227,range,87354.3,87963.78192996459,0.5353134206297625,86760.0,87969.90737649689,1.375365068100715,2025-12-29 12:05:00,2025-12-29 19:05:00,87492.9,87995.7,2025-12-29 13:00:00,2025-12-29 20:00:00,87499.9,1.3922036595067542,11,SHORT,2025-12-29 14:30:00,87995.7,-211.49017608589227,20937.527432503335
2026-01-02 04:25:00,2026-01-02 11:25:00,88682.0,88324.4,89576.00000000001,209.37527432503336,range,88595.1,88021.26737093092,0.7506511196716658,89088.0,88015.50020882972,1.2185351314548207,2026-01-02 03:05:00,2026-01-02 10:05:00,88682.0,88324.4,2026-01-02 04:25:00,2026-01-02 11:25:00,88638.1,12.276286353465734,16,LONG,2026-01-02 10:05:00,89576.00000000001,523.4381858125834,21460.965618315917
2026-01-04 05:00:00,2026-01-04 12:00:00,91322.0,91034.1,92041.74999999999,214.60965618315916,range,91437.0,88822.78296268331,2.813711700934514,91597.6,88796.50942461983,3.1545052767620887,2026-01-04 04:15:00,2026-01-04 11:15:00,91322.0,91034.1,2026-01-04 05:00:00,2026-01-04 12:00:00,91300.2,7.5720736366805665,9,LONG,2026-01-04 12:45:00,91034.1,-214.60965618315916,21246.35596213276
2026-01-05 14:45:00,2026-01-05 21:45:00,92984.3,92370.9,94517.80000000002,212.4635596213276,range,93390.0,89718.61967549224,3.639913694971638,93650.0,89718.61967549224,4.381900143724195,2026-01-05 14:40:00,2026-01-05 21:40:00,92984.3,92370.9,2026-01-05 14:45:00,2026-01-05 21:45:00,92883.2,16.48190414085497,1,LONG,2026-01-05 20:25:00,94517.80000000002,531.1588990533189,21777.51486118608
